type,x_0,x_1
0,0.9365932941436768,0.2554748058319092
1,0.9708309173583984,0.22743070125579834
2,0.9356281757354736,0.41319313645362854
3,1.0319937467575073,0.3402100205421448
4,0.999121367931366,0.39136019349098206
5,1.0270518064498901,0.3579651415348053
6,2.0003607273101807,-0.9262598752975464
7,1.804901361465454,-0.7333042621612549
8,3.3409833908081055,-2.0998616218566895
9,3.528308391571045,-2.0931169986724854
10,3.7227649688720703,-2.2323529720306396
11,1.1704025268554688,2.025665760040283
12,1.745409369468689,3.753009796142578
13,1.6364370584487915,3.437764883041382
14,1.7268378734588623,3.675013542175293
15,1.777099847793579,3.7941410541534424
16,1.8899449110031128,3.917607545852661
17,1.7674949169158936,3.613409996032715
18,1.8395980596542358,3.7445321083068848
19,1.466432809829712,2.7491230964660645
20,1.6030607223510742,3.120478630065918
21,1.3345966339111328,2.3655710220336914
22,1.6945337057113647,3.350525379180908
23,1.871405839920044,3.69930100440979
24,1.9008573293685913,3.749790906906128
25,1.401188850402832,2.590064764022827
26,1.236120343208313,0.6970815658569336
27,1.2046966552734375,1.0901485681533813
28,1.3151017427444458,0.8428705930709839
29,1.307132363319397,0.9766939282417297
30,1.2157437801361084,0.6194359660148621
31,1.2711695432662964,0.6359087824821472
32,1.4086647033691406,0.4680924117565155
33,1.4205756187438965,0.4346795380115509
34,1.468357801437378,0.36171406507492065
35,1.49465811252594,0.5822620391845703
36,1.4917654991149902,0.5683121681213379
37,1.5141034126281738,0.5873862504959106
38,1.3404459953308105,0.5895664095878601
39,1.0705832242965698,0.40898996591567993
40,1.0582774877548218,0.49748456478118896
41,1.2590656280517578,0.4160410761833191
42,1.2921864986419678,0.38960400223731995
43,1.4395956993103027,0.43616488575935364
44,1.4647443294525146,0.4300667643547058
45,1.4555703401565552,0.4276410639286041
46,1.476712942123413,0.2661757171154022
47,1.0970065593719482,0.23972909152507782
48,1.1733331680297852,0.34072983264923096
49,1.4074277877807617,0.3405488133430481
50,1.280957579612732,0.3567635715007782
51,1.3819596767425537,0.27127912640571594
52,1.4824779033660889,0.23318053781986237
53,1.4975539445877075,0.27433881163597107
54,1.5720539093017578,0.0924198254942894
55,1.613875389099121,0.0010385335190221667
56,1.5145243406295776,0.2300114929676056
57,1.474737524986267,0.42068371176719666
58,1.4486145973205566,0.3960808217525482
59,1.4610307216644287,0.26977741718292236
60,1.4708316326141357,0.2648879885673523
61,1.2448335886001587,1.1650917530059814
62,1.264879822731018,1.141226887702942
63,1.0958900451660156,0.6498203873634338
64,1.1864588260650635,0.6535800695419312
65,1.1614841222763062,0.9191861152648926
66,1.1981409788131714,0.7333144545555115
67,1.2027263641357422,1.68221116065979
68,1.1919046640396118,1.6079109907150269
69,1.19477117061615,0.4501935839653015
70,1.1433244943618774,0.4876159429550171
71,1.2864816188812256,0.2142140120267868
72,1.320673942565918,0.41434791684150696
73,1.3110768795013428,0.4891224205493927
74,1.155041217803955,1.5584570169448853
75,1.4162133932113647,0.6744820475578308
76,1.4313138723373413,0.6829549074172974
77,1.4404195547103882,0.5132697820663452
78,1.3196520805358887,0.504798948764801
79,1.3584928512573242,0.9432076215744019
80,1.347241759300232,0.908422589302063
81,1.3597795963287354,0.9878934025764465
82,1.365787386894226,1.6470569372177124
83,1.2726092338562012,1.7021516561508179
84,1.2970623970031738,1.8127005100250244
85,1.3081107139587402,1.8191378116607666
86,1.2670626640319824,1.2722697257995605
87,1.3408706188201904,1.1668254137039185
88,1.3302874565124512,1.167845606803894
89,1.343241572380066,0.7716008424758911
90,1.22196364402771,1.1865752935409546
91,1.2575812339782715,1.6063323020935059
92,1.4107739925384521,2.2965245246887207
93,1.4462862014770508,1.1510255336761475
94,1.4106640815734863,1.1350544691085815
95,1.3691141605377197,1.1479898691177368
96,1.2708202600479126,0.7446755170822144
97,1.0748178958892822,0.7999793887138367
98,1.0578043460845947,0.8467167615890503
99,1.0084160566329956,0.6951587200164795
100,1.1862132549285889,0.1794818937778473
101,1.4258501529693604,0.20268653333187103
102,1.431920051574707,0.1527063548564911
103,1.286767840385437,0.47115442156791687
104,1.2140531539916992,0.5983176827430725
105,1.2359169721603394,0.5442688465118408
106,1.3026338815689087,0.2706896960735321
107,1.5201679468154907,0.12230134010314941
108,1.5119162797927856,0.10003707557916641
109,1.488968014717102,0.09158962965011597
110,1.304563283920288,0.6318740248680115
111,1.2017284631729126,0.8666226863861084
112,1.221543788909912,0.8915870189666748
113,1.2570418119430542,0.6130678653717041
114,1.143987774848938,0.703514039516449
115,1.245239496231079,0.7650725841522217
116,1.0100560188293457,0.7004503607749939
117,1.1978458166122437,0.48334184288978577
118,1.2070269584655762,0.9910504221916199
119,1.247667908668518,1.1230188608169556
120,1.3196290731430054,1.1745884418487549
121,1.2935066223144531,1.1539969444274902
122,1.2927517890930176,1.1265244483947754
123,1.2682342529296875,1.3118321895599365
124,1.040863275527954,0.8885149359703064
125,1.0618103742599487,0.9480814933776855
126,1.2074812650680542,0.37486305832862854
127,1.2402983903884888,0.9163058400154114
128,1.1958959102630615,0.5231663584709167
129,1.1985903978347778,0.7302202582359314
130,1.1597453355789185,0.4666327238082886
131,1.2495981454849243,0.38191017508506775
132,1.411146879196167,0.4598877727985382
133,1.4217126369476318,0.46531012654304504
134,1.337355613708496,0.4560698866844177
135,1.2688031196594238,0.6180452704429626
136,1.6938743591308594,0.0011894044000655413
137,1.7970304489135742,-0.14449796080589294
138,1.8000373840332031,-0.20063981413841248
139,1.650732159614563,2.714308738708496
140,1.6250871419906616,2.6886069774627686
141,1.6349995136260986,2.6482791900634766
142,1.4711635112762451,0.2035054862499237
143,1.5475139617919922,-0.0007924531819298863
144,1.505570650100708,0.05982154980301857
145,1.256391167640686,1.3696110248565674
146,1.2425025701522827,1.3985878229141235
147,1.4011707305908203,1.104941964149475
148,1.4053318500518799,1.0825039148330688
149,1.4091984033584595,1.0920096635818481
150,1.4094442129135132,0.5742625594139099
151,1.3466722965240479,1.1632030010223389
152,1.3637003898620605,1.1176362037658691
153,1.328224539756775,1.0737038850784302
154,1.2943378686904907,0.2202301174402237
155,1.3298137187957764,1.4172123670578003
156,1.2587676048278809,0.9760562777519226
157,1.3998878002166748,0.34895798563957214
158,1.4094706773757935,0.3785281479358673
159,1.4070614576339722,0.4879569411277771
160,1.3082388639450073,1.0655889511108398
161,1.2250901460647583,1.1374214887619019
162,1.4236341714859009,0.3986222445964813
163,1.4490604400634766,0.3611229658126831
164,1.3787808418273926,0.9423501491546631
165,1.3860867023468018,1.021813154220581
166,1.3942596912384033,1.0401369333267212
167,1.3526970148086548,0.7988191843032837
168,1.3449381589889526,0.24959684908390045
169,1.4266667366027832,0.31509652733802795
170,1.3351846933364868,0.8757431507110596
171,1.261597752571106,1.670930027961731
172,1.3360761404037476,1.8546159267425537
173,1.3579542636871338,1.9649935960769653
174,1.3238602876663208,1.8888957500457764
175,1.2904599905014038,1.232127070426941
176,1.465214490890503,2.320272445678711
177,1.4675542116165161,2.370603084564209
178,1.4777346849441528,2.4402565956115723
179,1.4163163900375366,1.9636245965957642
180,1.4142518043518066,1.9330841302871704
181,1.3614388704299927,1.5314462184906006
182,1.334908366203308,1.0521318912506104
183,1.266831874847412,0.7583375573158264
184,1.7834969758987427,-0.48240602016448975
185,2.0169122219085693,-0.8122544288635254
186,2.0143587589263916,-0.8158332109451294
187,2.0504071712493896,-0.8755260705947876
188,1.7405155897140503,-0.6097488403320312
189,1.272545337677002,0.7729202508926392
190,1.2496116161346436,0.7069045901298523
191,1.0837974548339844,0.35850790143013
192,1.0853164196014404,0.3669448494911194
193,1.3650588989257812,0.48401835560798645
194,1.4376308917999268,0.6323571801185608
195,1.3645325899124146,0.6208818554878235
196,1.3539760112762451,0.5696792602539062
197,1.5300633907318115,0.1346047818660736
198,1.5308510065078735,0.17502659559249878
199,1.5037277936935425,0.20581917464733124
200,1.0237442255020142,0.3860420286655426
201,1.5225231647491455,0.022282177582383156
202,1.535522222518921,0.07905104011297226
203,1.5239001512527466,0.050256576389074326
204,1.3859224319458008,0.6971897482872009
205,1.4088696241378784,0.9786118865013123
206,1.4232923984527588,1.01671302318573
207,1.431744933128357,0.9565374851226807
208,1.1410781145095825,0.28874221444129944
209,1.3723605871200562,0.48901602625846863
210,1.28977632522583,0.5132307410240173
211,1.5669620037078857,0.11781983077526093
212,1.0588204860687256,0.6203959584236145
213,1.058427095413208,0.6383958458900452
214,1.0644365549087524,0.6643128395080566
215,1.0547516345977783,0.5985546112060547
216,1.1671563386917114,0.5765988230705261
217,1.4810945987701416,0.7488213777542114
218,1.472082257270813,0.7389575242996216
219,1.5018305778503418,0.7058572173118591
220,1.4980729818344116,0.7096801400184631
221,1.111932635307312,0.40735766291618347
222,1.1077529191970825,0.2068096548318863
223,1.1237077713012695,0.17783783376216888
224,1.1165454387664795,0.628261387348175
225,1.7154979705810547,-0.30187469720840454
226,1.709701657295227,-0.2686828076839447
227,1.6802561283111572,-0.26784586906433105
228,1.7638065814971924,-0.32430410385131836
229,1.1044059991836548,1.5429273843765259
230,1.028104543685913,0.5032861232757568
231,1.0894896984100342,0.4439738094806671
232,1.1185804605484009,0.40785327553749084
233,1.4461820125579834,0.8791728615760803
234,1.4331870079040527,0.9188517928123474
235,1.4394327402114868,0.9554089903831482
236,1.455557942390442,0.9155459403991699
237,1.2806122303009033,0.5132208466529846
238,1.204314947128296,0.5562996864318848
239,1.2402652502059937,0.4912838041782379
240,1.3696038722991943,0.41005682945251465
241,1.538615107536316,0.0699005201458931
242,1.567811369895935,-0.0646294504404068
243,1.526333212852478,0.0252896286547184
244,1.8068053722381592,3.452363967895508
245,2.1082499027252197,4.191020488739014
246,2.2237164974212646,4.435535907745361
247,2.2206692695617676,4.287919998168945
248,2.224311590194702,4.315214157104492
249,1.1640857458114624,1.895761489868164
250,1.8751462697982788,-0.042510878294706345
251,1.831273078918457,0.04531097412109375
252,1.4446905851364136,1.1965094804763794
253,1.4624133110046387,1.8479481935501099
254,1.4680795669555664,1.8209426403045654
255,1.4881914854049683,1.8858815431594849
256,1.4630130529403687,1.8516448736190796
257,1.2861381769180298,1.2813849449157715
258,1.2650651931762695,1.313524842262268
259,1.3107448816299438,1.3170216083526611
260,1.0148104429244995,0.3889099955558777
261,1.8934036493301392,-0.8603142499923706
262,2.038163900375366,-0.9260872006416321
263,2.270718574523926,-1.3108340501785278
264,2.0674312114715576,-1.1883466243743896
265,1.33156418800354,2.8468048572540283
266,1.0246012210845947,0.24519090354442596
267,1.276732325553894,1.014121651649475
268,1.2767858505249023,1.0372956991195679
269,1.2887918949127197,1.0606448650360107
270,1.3614658117294312,-0.03596263751387596
271,1.1983039379119873,0.15847687423229218
272,1.4140223264694214,-0.03679640591144562
273,1.5407952070236206,0.08379057794809341
274,1.5041272640228271,0.35347408056259155
275,1.5200916528701782,0.3377045691013336
276,1.3965309858322144,0.3663281798362732
277,1.4943761825561523,0.11336799710988998
278,1.1188708543777466,0.21406468749046326
279,1.9920333623886108,-0.8140419721603394
280,2.084818124771118,-0.8986709117889404
281,2.345611572265625,-1.1311765909194946
282,2.3155879974365234,-1.3083621263504028
283,2.3163883686065674,-1.2983514070510864
284,1.9880307912826538,-0.9340636134147644
285,1.2566167116165161,1.3079124689102173
286,1.2548258304595947,1.2806305885314941
287,1.2394672632217407,1.315041422843933
288,1.287636399269104,1.234837293624878
289,1.3175572156906128,-0.04401528462767601
290,1.7055641412734985,-0.3913748562335968
291,1.6905665397644043,-0.36693665385246277
292,1.5770347118377686,0.2578031122684479
293,1.6062188148498535,0.2673207223415375
294,1.625433087348938,0.23752905428409576
295,1.1592530012130737,0.7613703012466431
296,1.2213979959487915,0.5208196640014648
297,3.0197947025299072,-1.7659499645233154
298,3.020469903945923,-1.7175229787826538
299,3.0872271060943604,-1.7585279941558838
300,1.5936754941940308,0.0556260347366333
301,1.6148171424865723,2.9400670528411865
302,1.6567713022232056,3.0539252758026123
303,1.7409749031066895,3.1589608192443848
304,1.3982558250427246,1.1713143587112427
305,1.4369611740112305,1.241105556488037
306,1.28230619430542,1.021369457244873
307,1.5811327695846558,-0.12047287821769714
308,1.671043872833252,-0.24159391224384308
309,1.7398109436035156,-0.3032640218734741
310,1.1056023836135864,0.2756519019603729
311,1.9683473110198975,-0.5422201752662659
312,1.9528558254241943,-0.5425362586975098
313,1.9830925464630127,-0.5589663982391357
314,1.2854385375976562,0.8461659550666809
315,1.2530701160430908,0.8237776756286621
316,1.3650864362716675,0.7401231527328491
317,1.3609470129013062,0.7438409328460693
318,1.4656412601470947,-0.008608242496848106
319,1.3758180141448975,1.322013020515442
320,1.375238060951233,1.2836472988128662
321,1.3810038566589355,1.2642371654510498
322,1.3897616863250732,1.3751250505447388
323,1.4065783023834229,0.4265308380126953
324,1.4074747562408447,0.4739806354045868
325,1.3749616146087646,0.7663869857788086
326,1.3737140893936157,0.7728594541549683
327,1.375780463218689,0.7584167122840881
328,1.4428136348724365,0.5268945693969727
329,1.4491275548934937,0.4475961923599243
330,1.4741244316101074,0.32806435227394104
331,1.4783830642700195,0.3204878866672516
332,1.1869111061096191,1.3496674299240112
333,1.2261003255844116,1.4774105548858643
334,1.2228010892868042,1.4319664239883423
335,1.1496334075927734,0.8342146277427673
336,1.1149874925613403,0.8456936478614807
337,1.2502288818359375,0.5702815055847168
338,1.3129407167434692,0.6056866645812988
339,1.5233021974563599,0.23154915869235992
340,1.5349699258804321,0.20620813965797424
341,1.5809246301651,0.04564809799194336
342,1.5911388397216797,0.03777929022908211
343,1.5060051679611206,0.42589765787124634
344,1.393941044807434,0.47066038846969604
345,1.3861500024795532,0.45191171765327454
346,1.7053724527359009,-0.05908903107047081
347,1.4577758312225342,0.4532659947872162
348,1.4083411693572998,0.4159475266933441
349,1.419762134552002,0.4267723262310028
350,1.2055829763412476,0.5589537024497986
351,1.3124383687973022,0.49644991755485535
352,1.346688985824585,0.4401162266731262
353,1.0973814725875854,1.199072241783142
354,1.237973928451538,0.6539641618728638
355,1.173388123512268,0.7305518984794617
356,1.3548017740249634,0.6052898168563843
357,1.3093246221542358,0.6116633415222168
358,1.332024097442627,0.578935980796814
359,1.0538464784622192,0.7529870867729187
360,1.2278157472610474,1.5490857362747192
361,1.1963287591934204,1.386124849319458
362,1.187689185142517,1.465741753578186
363,1.0633636713027954,0.30599838495254517
364,1.3289794921875,0.6596463918685913
365,1.3844858407974243,0.7398690581321716
366,1.3959290981292725,0.752723753452301
367,1.420409917831421,0.798224925994873
368,1.2981668710708618,0.7336511611938477
369,1.3330942392349243,1.1894581317901611
370,1.3673564195632935,1.4178247451782227
371,1.3662357330322266,1.39749014377594
372,1.3452355861663818,1.3823612928390503
373,1.3381491899490356,1.2400639057159424
374,1.2988624572753906,0.8694568872451782
375,1.3604450225830078,0.8867754936218262
376,1.3472450971603394,0.8917790651321411
377,1.3396159410476685,0.8897505402565002
378,1.3028639554977417,0.7000376582145691
379,1.2333134412765503,0.9253497123718262
380,1.2477152347564697,0.6658461093902588
381,1.3688305616378784,0.41135668754577637
382,1.3750770092010498,0.4073677361011505
383,1.308842420578003,0.39152947068214417
384,1.0501822233200073,0.37093108892440796
385,1.2070658206939697,0.6090899705886841
386,1.1984856128692627,0.6272343993186951
387,1.4584437608718872,0.4614947438240051
388,1.4693387746810913,0.4151831865310669
389,1.4760477542877197,0.3791453540325165
390,1.4954890012741089,0.3561197817325592
391,1.3544813394546509,0.25413739681243896
392,1.3360198736190796,0.5809458494186401
393,1.4060735702514648,0.4439921975135803
394,1.4301917552947998,0.29070305824279785
395,1.4295097589492798,0.32418811321258545
396,1.3720861673355103,0.4839093089103699
397,1.3077059984207153,0.5080070495605469
398,1.2895228862762451,0.5454506874084473
399,1.3085025548934937,0.5198547840118408
400,1.1452211141586304,1.3648991584777832
401,1.144694447517395,1.3698629140853882
402,0.8305308818817139,0.14750143885612488
403,1.3588846921920776,0.911293089389801
404,1.3514013290405273,1.9529370069503784
405,1.3976114988327026,1.428163766860962
406,1.3889656066894531,1.3949410915374756
407,1.4023717641830444,1.4370211362838745
408,1.405734896659851,1.4276539087295532
409,2.331238031387329,-1.3319432735443115
410,2.6335906982421875,-1.5916551351547241
411,1.5204932689666748,0.4964216649532318
412,1.5229934453964233,0.514215350151062
413,1.5327085256576538,0.5107924342155457
414,2.5382003784179688,-1.4993897676467896
415,2.512122869491577,-1.5283269882202148
416,1.3537909984588623,0.6360438466072083
417,1.3866829872131348,0.6199106574058533
418,1.3509366512298584,2.152208089828491
419,1.3661224842071533,0.5792673826217651
420,1.4109116792678833,0.36489060521125793
421,1.2852202653884888,1.4805015325546265
422,1.2646011114120483,1.4811023473739624
423,1.3090966939926147,1.6582390069961548
424,0.9367150664329529,0.4433131814002991
425,1.486891746520996,3.1709702014923096
426,1.4273589849472046,3.0473439693450928
427,1.4804048538208008,3.280428886413574
428,1.539954662322998,3.448023796081543
429,3.375004291534424,-1.968618392944336
430,3.2465014457702637,-1.8511329889297485
431,1.9888637065887451,-0.9406273365020752
432,2.019831895828247,-1.0194894075393677
433,1.4441536664962769,2.7273473739624023
434,1.426127314567566,2.7841010093688965
435,1.4710774421691895,2.7554068565368652
436,2.150172233581543,-0.8748072981834412
437,2.0447652339935303,-0.679722011089325
438,1.9497010707855225,-0.6054314374923706
439,1.9851292371749878,-0.6606721878051758
440,1.4426950216293335,2.3896732330322266
441,1.5403562784194946,2.531313180923462
442,0.9659767150878906,0.20365141332149506
443,0.9504159092903137,0.30917292833328247
444,0.9161451458930969,0.3256893455982208
445,0.9263166189193726,0.2772723138332367
446,0.922588050365448,0.40320971608161926
447,0.926348090171814,0.4241637885570526
448,0.9368535280227661,0.27557846903800964
449,1.567284107208252,0.2693871855735779
450,1.5127241611480713,0.3307892084121704
451,1.523630142211914,0.3236280381679535
452,1.5568255186080933,0.2688298225402832
453,1.2447878122329712,0.7333248853683472
454,1.2591462135314941,0.7172055840492249
455,1.2501081228256226,0.6929967999458313
456,1.6710039377212524,-0.13028626143932343
457,1.3333734273910522,0.619396984577179
458,1.3144357204437256,0.6834213137626648
459,1.3855420351028442,0.7834328413009644
460,1.3737479448318481,0.8320620059967041
461,1.3559924364089966,0.8105641007423401
462,1.3770196437835693,0.8287990093231201
463,1.3736095428466797,0.8063350915908813
464,1.3651310205459595,0.8132997155189514
465,1.322918176651001,0.6594642996788025
466,1.3184736967086792,0.5880463123321533
467,1.3566036224365234,0.6195867657661438
468,1.3767893314361572,0.481187641620636
469,1.523876428604126,0.7944825887680054
470,1.5187774896621704,0.7163893580436707
471,1.5037800073623657,0.7484161257743835
472,1.5361955165863037,0.7974225878715515
473,1.4489867687225342,0.6011091470718384
474,1.4724057912826538,0.5549752712249756
475,1.4640660285949707,0.5456870198249817
476,0.7285346388816833,0.32396841049194336
477,2.293973207473755,-0.9622644782066345
478,2.254403591156006,-0.9429870247840881
479,2.1669411659240723,-0.8403829336166382
480,1.310884952545166,1.044406771659851
481,1.2787795066833496,1.130514144897461
482,3.0951149463653564,-1.9247350692749023
483,3.0876386165618896,-1.9298853874206543
484,2.943699836730957,-1.8287222385406494
485,2.261620044708252,-0.9274773001670837
486,1.3543585538864136,2.137040376663208
487,1.3945038318634033,2.133150339126587
488,1.392195701599121,2.042377471923828
489,2.026824474334717,-0.7535825967788696
490,2.0159356594085693,-0.7762371301651001
491,2.0643584728240967,-0.8185931444168091
492,1.9131782054901123,-0.6305602788925171
493,1.0582714080810547,0.2756107747554779
494,2.112971067428589,-1.1038627624511719
495,2.1809909343719482,-1.165047287940979
496,2.133972406387329,-1.126932144165039
497,1.6239641904830933,0.1285410374403
498,1.6504926681518555,0.11759290844202042
499,2.5803115367889404,-1.1875544786453247
500,2.4848859310150146,-1.1651798486709595
501,2.580106735229492,-1.2271538972854614
502,2.5466978549957275,-1.19692862033844
503,1.4509919881820679,0.4650684893131256
504,1.4309366941452026,0.41657668352127075
505,1.6511787176132202,-0.41766977310180664
506,1.6155741214752197,-0.38857096433639526
507,1.5862374305725098,-0.32797425985336304
508,1.3778212070465088,-0.13215067982673645
509,1.4525306224822998,0.3589487373828888
510,1.4522494077682495,0.3608856499195099
511,0.6451684832572937,0.24899248778820038
512,0.733468770980835,0.2590717077255249
513,1.0243221521377563,0.4584396481513977
514,1.006929636001587,0.44980499148368835
515,1.2717864513397217,0.5351825952529907
516,1.4331883192062378,0.7244904637336731
517,1.4535177946090698,0.6887927055358887
518,1.4433319568634033,0.6949625611305237
519,1.5697999000549316,0.06252162903547287
520,1.6558815240859985,-0.10652857273817062
521,1.6319059133529663,-0.051747024059295654
522,1.6728363037109375,-0.11013954877853394
523,1.452738881111145,0.5965462327003479
524,1.441348910331726,0.5701711773872375
525,1.2306963205337524,1.0727442502975464
526,1.2254233360290527,1.0040035247802734
527,1.6181597709655762,-0.025118153542280197
528,1.6105018854141235,-0.03696262091398239
529,1.505779504776001,0.18989922106266022
530,1.4666550159454346,0.17566117644309998
531,1.3377280235290527,0.5573010444641113
532,1.364762306213379,0.5254992842674255
533,1.3748236894607544,0.5161315202713013
534,1.3459168672561646,0.9186640977859497
535,1.3404197692871094,0.9665731191635132
536,1.5423580408096313,0.305851012468338
537,1.5502973794937134,0.2819567620754242
538,1.574365258216858,0.28893008828163147
539,1.9737777709960938,-0.7892439365386963
540,1.916648268699646,-0.7523220181465149
541,1.4637757539749146,0.30329805612564087
542,1.4807863235473633,0.29894956946372986
543,1.7847192287445068,-0.21634206175804138
544,1.8008041381835938,-0.18880921602249146
545,1.3883018493652344,0.7712793350219727
546,1.3885947465896606,0.7889470458030701
547,1.368536353111267,0.8123669624328613
548,1.3470816612243652,0.30133816599845886
549,1.3930881023406982,0.5184229612350464
550,1.3468928337097168,0.536036491394043
551,1.5083327293395996,0.35164016485214233
552,1.515933632850647,0.31907832622528076
553,1.2553738355636597,0.3801122307777405
554,1.1735475063323975,0.5568438172340393
555,1.4850391149520874,-0.019939381629228592
556,1.5195560455322266,0.2624991536140442
557,1.5515915155410767,0.2086518257856369
558,1.5220662355422974,0.20336104929447174
559,1.4159905910491943,0.3318370580673218
560,1.4196830987930298,0.3088909983634949
561,1.3886429071426392,0.33320796489715576
562,1.410340666770935,0.31714996695518494
563,1.4879556894302368,-0.15621279180049896
564,1.0338269472122192,0.6503666043281555
565,1.2472577095031738,0.3437267541885376
566,1.2465404272079468,0.3265535235404968
567,1.3500871658325195,0.7136402726173401
568,1.351811408996582,0.6763303875923157
569,1.2076753377914429,0.6294527649879456
570,1.2135443687438965,0.6222915053367615
571,1.283948302268982,0.6268038153648376
572,1.2877709865570068,0.6045923233032227
573,1.4620609283447266,0.21639731526374817
574,1.6059610843658447,-0.08241431415081024
575,1.588993787765503,-0.08593795448541641
576,1.5876630544662476,-0.2110326886177063
577,1.512101650238037,0.09885025024414062
578,1.5346776247024536,0.041931796818971634
579,1.529578685760498,0.05710931494832039
580,0.9922441840171814,0.47621622681617737
581,1.3790805339813232,-0.029581747949123383
582,1.3696411848068237,-0.01752946525812149
583,1.3638678789138794,0.002279686974361539
584,1.3467493057250977,0.027095362544059753
585,1.4269779920578003,-0.1078682392835617
586,1.4220582246780396,-0.4955695569515228
587,1.454444408416748,-0.5603242516517639
588,1.4604804515838623,-0.5525829195976257
589,1.4051154851913452,-0.46339985728263855
590,0.6268340349197388,0.8792773485183716
591,1.7256762981414795,3.5983762741088867
592,1.5798105001449585,3.400129795074463
593,2.290102481842041,4.606060028076172
594,2.234038829803467,4.563449382781982
595,2.213221549987793,4.468097686767578
596,2.1711208820343018,4.420706748962402
597,2.098867416381836,4.364543914794922
598,2.3586323261260986,4.766242027282715
599,2.2248034477233887,4.453899383544922
600,2.0895063877105713,4.218980312347412
601,1.6233046054840088,3.2417800426483154
602,1.2347661256790161,1.0731616020202637
603,1.2112456560134888,1.1159104108810425
604,1.080891728401184,0.13615693151950836
605,1.3507676124572754,0.13613183796405792
606,1.346631407737732,0.7808262705802917
607,1.326804518699646,0.7659188508987427
608,1.1952869892120361,0.6772183775901794
609,1.0015231370925903,0.27553844451904297
610,1.4303916692733765,0.6801059246063232
611,1.4396469593048096,0.6190220713615417
612,1.4758766889572144,0.6379941701889038
613,1.8109493255615234,-0.23817014694213867
614,1.900691032409668,-0.34731054306030273
615,1.8667219877243042,-0.25785860419273376
616,1.5587294101715088,0.14675207436084747
617,1.253525972366333,0.45013123750686646
618,1.2577816247940063,0.4363948106765747
619,1.060605764389038,0.2840906083583832
620,2.5156242847442627,-1.2748515605926514
621,3.204693555831909,-1.7962583303451538
622,3.2135610580444336,-1.7939410209655762
623,2.386348009109497,-1.1632739305496216
624,1.4384363889694214,0.04634350538253784
625,1.4026128053665161,0.1460224837064743
626,1.283179521560669,1.0647176504135132
627,1.3707691431045532,0.9617092609405518
628,1.526721477508545,0.37730517983436584
629,1.5228620767593384,0.36990174651145935
630,1.6495447158813477,-0.08447980880737305
631,1.8362261056900024,-0.4387403428554535
632,1.8248679637908936,-0.4289246201515198
633,1.785295844078064,-0.33727332949638367
634,1.935234546661377,-0.4001627564430237
635,1.9134678840637207,-0.3716011047363281
636,1.8979682922363281,-0.3656170666217804
637,1.1018954515457153,1.8661794662475586
638,1.6986572742462158,3.363628625869751
639,1.7025481462478638,3.406231164932251
640,1.6293115615844727,3.260708808898926
641,1.5542266368865967,2.993659257888794
642,1.3874051570892334,1.0666428804397583
643,1.4111207723617554,1.1171005964279175
644,1.4301655292510986,0.6794913411140442
645,1.5286190509796143,0.10973794758319855
646,1.491131067276001,0.01059001125395298
647,2.6607370376586914,-1.6348334550857544
648,2.6261954307556152,-1.6336699724197388
649,2.1599342823028564,-0.9377263784408569
650,2.839367151260376,-1.5655285120010376
651,4.391611576080322,-2.7649052143096924
652,4.728331565856934,-2.9956536293029785
653,4.022505283355713,-2.5552592277526855
654,3.210718870162964,-2.040717601776123
655,3.3227028846740723,-2.1258773803710938
656,2.358156442642212,-1.3668453693389893
657,2.3149709701538086,-1.1288812160491943
658,2.3011555671691895,-1.1338120698928833
659,1.6494550704956055,-0.4532194435596466
660,1.8904427289962769,-0.6580542325973511
661,2.1927738189697266,-0.9906345009803772
662,3.152440309524536,-2.002962350845337
663,3.350611925125122,-2.1577911376953125
664,3.2659544944763184,-1.9285013675689697
665,2.8139023780822754,-1.5736422538757324
666,2.947932720184326,-1.6105552911758423
667,2.489276170730591,-1.2626240253448486
668,2.3931500911712646,-1.3699829578399658
669,3.4541733264923096,-2.2088279724121094
670,3.544440269470215,-2.267671823501587
671,3.542673349380493,-2.259068012237549
672,3.9206249713897705,-2.523730516433716
673,3.492879867553711,-2.224630355834961
674,4.721574783325195,-3.0341296195983887
675,5.089571952819824,-3.254877805709839
676,4.548827648162842,-2.899141311645508
677,2.1059837341308594,-0.9087027311325073
678,3.8842265605926514,-2.5522336959838867
679,4.138931751251221,-2.71182918548584
680,3.64325213432312,-2.437647819519043
681,3.4376399517059326,-2.1939735412597656
682,4.423379898071289,-2.7534713745117188
683,3.9868593215942383,-2.506842613220215
684,3.6299092769622803,-2.3859293460845947
685,3.625929117202759,-2.3786611557006836
686,3.3405230045318604,-2.1845474243164062
687,1.4566428661346436,0.1710890829563141
688,1.5615650415420532,0.06934192031621933
689,1.5681146383285522,0.038605351001024246
690,1.1857153177261353,0.840485155582428
691,1.3105591535568237,0.23637574911117554
692,1.6006953716278076,-0.5857326984405518
693,1.6276494264602661,-0.5651431083679199
694,1.6069128513336182,-0.44777825474739075
695,1.5876960754394531,-0.45243969559669495
696,1.1259219646453857,0.7024216651916504
697,1.9573025703430176,-0.6934921145439148
698,1.9856061935424805,-0.7216487526893616
699,1.438075304031372,0.6118467450141907
700,1.7814218997955322,-0.3420451283454895
701,1.8895049095153809,-0.5482763648033142
702,1.353035807609558,2.2931604385375977
703,1.288719892501831,1.4689892530441284
704,1.2957043647766113,1.1236891746520996
705,1.362752079963684,0.5954434871673584
706,1.353102684020996,0.5845851302146912
707,1.405432105064392,0.45728152990341187
708,1.2885234355926514,0.5244558453559875
709,1.3701523542404175,0.4180556833744049
710,1.4563802480697632,0.14097416400909424
711,1.471667766571045,0.14521071314811707
712,1.487808108329773,0.13150593638420105
713,1.4632680416107178,0.22266200184822083
714,1.3843990564346313,0.601837158203125
715,1.3917624950408936,0.644133448600769
716,1.4093496799468994,0.6306459307670593
717,1.442114233970642,0.3678060472011566
718,1.5516313314437866,0.07774384319782257
719,1.5566413402557373,-0.06879483908414841
720,1.3439873456954956,0.37575453519821167
721,1.4573472738265991,0.4514304995536804
722,1.4280530214309692,0.5018960237503052
723,1.3229182958602905,0.47867733240127563
724,1.3275697231292725,0.4003559648990631
725,1.369887113571167,0.534527599811554
726,1.3456662893295288,0.5792198181152344
727,1.3816572427749634,0.5249266624450684
728,1.378111720085144,0.7581832408905029
729,1.3683925867080688,0.7114761471748352
730,1.3006958961486816,0.9498031139373779
731,1.0984973907470703,1.4422911405563354
732,1.6664124727249146,2.992544651031494
733,1.697099208831787,3.0886590480804443
734,1.7874749898910522,3.2949576377868652
735,1.5754820108413696,2.8431501388549805
736,1.5552990436553955,2.8575785160064697
737,2.3187050819396973,4.382768154144287
738,2.1400887966156006,4.059118270874023
739,2.4444313049316406,4.634983062744141
740,2.673755168914795,5.052585124969482
741,2.6188693046569824,5.010248184204102
742,2.732279062271118,5.302463531494141
743,3.070472002029419,6.018131256103516
744,2.860445022583008,5.57680606842041
745,2.174534320831299,4.229523181915283
746,3.0014383792877197,-1.7150834798812866
747,2.6527554988861084,-1.3910857439041138
748,3.930483341217041,-2.309351682662964
749,3.7837331295013428,-2.2544941902160645
750,3.998499631881714,-2.4523227214813232
751,4.593308925628662,-2.8878469467163086
752,4.660559177398682,-2.878784418106079
753,5.041367530822754,-3.1395766735076904
754,4.189751148223877,-2.6236307621002197
755,4.083006858825684,-2.4913148880004883
756,4.1890411376953125,-2.547741174697876
757,4.430788516998291,-2.6743650436401367
758,4.516451835632324,-2.7954487800598145
759,4.1581597328186035,-2.5838968753814697
760,4.267556190490723,-2.662313222885132
761,2.840301513671875,-1.6700782775878906
762,3.414931535720825,-1.9762908220291138
763,4.910945415496826,-3.05212140083313
764,4.95070743560791,-3.069444417953491
765,5.193562984466553,-3.283087730407715
766,4.6144280433654785,-2.9840331077575684
767,5.024755954742432,-3.2239627838134766
768,5.523706436157227,-3.53144907951355
769,4.157079696655273,-2.6445260047912598
770,1.3661134243011475,-0.029144395142793655
771,1.1801741123199463,0.8041287660598755
772,1.1983106136322021,0.9273387789726257
773,1.3968639373779297,0.5401964783668518
774,1.3657886981964111,0.5138280391693115
775,1.4234825372695923,0.47414806485176086
776,1.0497498512268066,1.1224515438079834
777,1.0559686422348022,1.0553334951400757
778,1.0279988050460815,0.3330182731151581
779,1.0608620643615723,0.19180332124233246
780,1.1540677547454834,0.5822810530662537
781,1.10255765914917,0.7411739230155945
782,1.2186371088027954,1.5185091495513916
783,1.4370062351226807,2.2226362228393555
784,1.4448091983795166,2.2247836589813232
785,1.371653437614441,2.2802257537841797
786,1.4521623849868774,2.772055149078369
787,1.893774390220642,3.7053115367889404
788,1.782116174697876,3.4928014278411865
789,1.7444778680801392,3.4094154834747314
790,1.4637264013290405,2.5412087440490723
791,1.361258625984192,1.1665490865707397
792,1.3571926355361938,1.1212657690048218
793,1.3795180320739746,0.7257168292999268
794,3.1353282928466797,-1.8774582147598267
795,4.025848388671875,-2.499481439590454
796,3.8918440341949463,-2.418565273284912
797,3.8076422214508057,-2.4003489017486572
798,3.2362060546875,-1.9326552152633667
799,3.0092179775238037,-1.6814147233963013
800,2.961589813232422,-1.6572920083999634
801,3.0565998554229736,-1.7281811237335205
802,1.4125778675079346,0.7569212317466736
803,1.4575189352035522,0.6675072312355042
804,1.4612246751785278,0.676688551902771
805,1.4333864450454712,0.41240614652633667
806,1.4322975873947144,0.5859060287475586
807,1.4512253999710083,0.7477039098739624
808,1.4571291208267212,0.7309531569480896
809,1.3727757930755615,0.9040138721466064
810,1.1849758625030518,0.5458419322967529
811,1.3711742162704468,0.27514463663101196
812,1.5065206289291382,0.12090008705854416
813,1.5218193531036377,0.18207181990146637
814,1.4209973812103271,0.2269735485315323
815,1.2817789316177368,0.22013483941555023
816,1.0369343757629395,0.4571877121925354
817,1.1973623037338257,0.6403074860572815
818,1.2900182008743286,1.337600827217102
819,1.6259995698928833,2.9700562953948975
820,1.4087375402450562,2.4771335124969482
821,1.6473058462142944,-0.4923107326030731
822,2.2523889541625977,-1.1672909259796143
823,2.263179302215576,-1.1602017879486084
824,2.1260344982147217,-1.0830022096633911
825,1.5343165397644043,0.21717043220996857
826,1.535599708557129,0.22711266577243805
827,1.584231972694397,-0.4619646966457367
828,1.4811434745788574,-0.29875364899635315
829,1.9388998746871948,-0.6579359173774719
830,1.9896419048309326,-0.7263504266738892
831,1.2389835119247437,0.4983378052711487
832,1.3837928771972656,0.3829576373100281
833,1.3922337293624878,0.5355490446090698
834,1.4077364206314087,1.9864518642425537
835,1.4255261421203613,2.1326181888580322
836,1.415081262588501,1.9818751811981201
837,1.4170713424682617,2.0735862255096436
838,1.3358583450317383,1.8236415386199951
839,1.2869300842285156,0.5710306763648987
840,1.2408885955810547,0.429389089345932
841,1.0979269742965698,0.16635340452194214
842,1.1947810649871826,0.2180880606174469
843,1.2388229370117188,0.07013851404190063
844,1.0260040760040283,0.6919381022453308
845,1.0373514890670776,0.7040926218032837
846,1.7042310237884521,-0.2682332992553711
847,2.0872981548309326,-0.6330640316009521
848,2.1007230281829834,-0.6587139964103699
849,2.100919485092163,-0.6571235060691833
850,1.9358235597610474,-0.5842158198356628
851,1.0942479372024536,1.5404144525527954
852,1.4513890743255615,2.371617555618286
853,1.4278987646102905,2.3564326763153076
854,1.0946422815322876,0.7469735145568848
855,4.17506217956543,-2.566175937652588
856,4.256255626678467,-2.6187663078308105
857,4.293589115142822,-2.6504945755004883
858,2.7658181190490723,-1.4803632497787476
859,2.727764368057251,-1.4339683055877686
860,2.906511068344116,-1.5990746021270752
861,2.933366060256958,-1.7805149555206299
862,2.780855894088745,-1.7002078294754028
863,2.5252180099487305,-1.4731669425964355
864,2.1810250282287598,-1.3058950901031494
865,2.071493148803711,-1.0613709688186646
866,1.9580321311950684,-1.0153617858886719
867,2.4783482551574707,-1.487626314163208
868,2.59031343460083,-1.5807082653045654
869,3.40840482711792,-2.1568682193756104
870,3.539311647415161,-2.233978509902954
871,2.9242899417877197,-1.7132670879364014
872,3.562135696411133,-2.104102611541748
873,3.793619155883789,-2.2171404361724854
874,3.455815076828003,-1.9973620176315308
875,2.380805253982544,-1.4639815092086792
876,3.2191712856292725,-2.0511279106140137
877,3.003007411956787,-1.9095845222473145
878,1.7950423955917358,-0.9881697297096252
879,1.4324887990951538,-0.2149086892604828
880,1.1750855445861816,0.49160462617874146
881,1.8059883117675781,3.1738388538360596
882,1.8829644918441772,3.333082914352417
883,1.1655702590942383,0.6397901177406311
884,1.254842758178711,1.3990172147750854
885,1.3139606714248657,0.681725263595581
886,1.3499681949615479,-0.49799028038978577
887,3.0044093132019043,-1.711935043334961
888,2.865550994873047,-1.6242117881774902
889,2.292172431945801,-1.0928071737289429
890,1.4392179250717163,0.47870349884033203
891,1.3164466619491577,0.9636257886886597
892,1.1718522310256958,1.6844760179519653
893,1.6665759086608887,-0.42703843116760254
894,1.1071040630340576,1.0114624500274658
895,1.3675355911254883,2.06813907623291
896,1.4171006679534912,2.2458949089050293
897,1.2886546850204468,1.7302011251449585
898,2.841247081756592,5.318061828613281
899,2.769951105117798,5.232391357421875
900,3.036733627319336,5.700786590576172
901,3.0454912185668945,5.673606872558594
902,2.9587671756744385,5.567174911499023
903,1.7996058464050293,3.2794055938720703
904,1.70663583278656,3.0072507858276367
905,1.1049314737319946,0.7627068161964417
906,1.1928399801254272,0.057548534125089645
907,1.3222672939300537,0.22715671360492706
908,1.3249276876449585,0.46092358231544495
909,1.1873974800109863,0.481090784072876
910,1.0672012567520142,0.21734850108623505
911,0.998748779296875,0.42792949080467224
912,1.3130565881729126,0.2619994282722473
913,1.333304762840271,0.6674131155014038
914,1.2839535474777222,1.1476987600326538
915,1.4001208543777466,2.1385955810546875
916,1.4328635931015015,2.1865293979644775
917,1.2947578430175781,1.8550246953964233
918,1.5262808799743652,0.40608060359954834
919,1.532505989074707,0.40908747911453247
920,1.4963712692260742,0.3636924922466278
921,1.3163741827011108,0.7787706255912781
922,1.27129065990448,0.8534420728683472
923,1.311102032661438,-0.11569144576787949
924,2.5840823650360107,-1.4177402257919312
925,2.754321336746216,-1.5571775436401367
926,1.2589423656463623,2.3155736923217773
927,1.3881460428237915,2.635324478149414
928,1.2732510566711426,1.8562836647033691
929,1.4874982833862305,2.5099594593048096
930,1.7632449865341187,3.2996175289154053
931,1.7262417078018188,3.2437784671783447
932,1.7917755842208862,3.320246934890747
933,1.8480219841003418,3.4107866287231445
934,1.616532802581787,2.6480369567871094
935,1.6260261535644531,2.6827898025512695
936,1.6489977836608887,2.732713460922241
937,1.683569073677063,3.1032555103302
938,1.7642438411712646,3.46181583404541
939,1.8161993026733398,3.49145770072937
940,1.754597544670105,3.468478202819824
941,1.3102061748504639,2.4116997718811035
942,1.627817988395691,3.1808667182922363
943,1.9866502285003662,3.9602982997894287
944,2.183392286300659,4.353881359100342
945,1.9144020080566406,3.7094926834106445
946,1.3269381523132324,1.3556187152862549
947,1.4863150119781494,0.29832354187965393
948,2.4151875972747803,-1.4547343254089355
949,3.0805587768554688,-1.8820103406906128
950,2.9466185569763184,-1.772741675376892
951,2.605647087097168,-1.3445850610733032
952,2.258824110031128,-1.2407143115997314
953,2.7923827171325684,-1.5785715579986572
954,2.9377853870391846,-1.657161831855774
955,1.9080504179000854,-0.6120814681053162
956,1.5988500118255615,2.179912805557251
957,1.5287314653396606,2.0091311931610107
958,1.3953187465667725,1.79109525680542
959,1.502751350402832,0.04216333106160164
960,2.009140729904175,-0.7253608107566833
961,3.1046085357666016,-1.729435920715332
962,3.140895366668701,-1.7520807981491089
963,2.921316623687744,-1.5756385326385498
964,3.242917537689209,-1.8211404085159302
965,3.250197649002075,-1.8126202821731567
966,3.157029390335083,-1.7223871946334839
967,1.9834178686141968,-0.7978888750076294
968,1.442675232887268,0.1076267883181572
969,1.4444702863693237,0.09864713251590729
970,1.4335659742355347,0.06183142215013504
971,1.3982385396957397,0.6863301396369934
972,1.4075034856796265,0.6722739934921265
973,1.4008151292800903,0.6548588275909424
974,1.3961082696914673,0.6575586795806885
975,1.4852591753005981,0.32411989569664
976,1.4802336692810059,0.195508673787117
977,1.6198458671569824,0.0866469293832779
978,1.1512633562088013,0.4698929190635681
979,1.2589213848114014,1.1054562330245972
980,1.2184613943099976,1.068984031677246
981,1.284294605255127,1.1587605476379395
982,1.3439266681671143,1.1130441427230835
983,1.3400717973709106,1.006198763847351
984,0.9315860271453857,0.4000985622406006
985,0.8956462740898132,0.38363373279571533
986,1.7765861749649048,-0.5778530836105347
987,2.5795419216156006,-1.3918766975402832
988,3.5403170585632324,-2.119171142578125
989,3.6046862602233887,-2.1572535037994385
990,3.648301362991333,-2.209186553955078
991,2.3786280155181885,-1.2725434303283691
992,1.8087681531906128,3.8612122535705566
993,1.8686068058013916,3.9491186141967773
994,1.779093861579895,3.7978885173797607
995,1.7715389728546143,-0.1718972623348236
996,1.5766326189041138,2.9349045753479004
997,1.6508355140686035,3.1682119369506836
998,1.39925217628479,2.588740348815918
999,1.6321630477905273,-0.8163313269615173
1000,2.243959665298462,-1.6601598262786865
1001,2.202550172805786,-1.5797004699707031
1002,2.155846118927002,-1.5745269060134888
1003,1.3721474409103394,0.8111608028411865
1004,2.9531192779541016,-2.186228036880493
1005,2.7946505546569824,-2.0998575687408447
1006,2.778320074081421,-2.0663352012634277
1007,2.8077030181884766,-2.0737273693084717
1008,2.7393932342529297,-2.066977024078369
1009,3.2940239906311035,-2.2949535846710205
1010,1.4566919803619385,2.5344789028167725
1011,1.3889451026916504,2.922672748565674
1012,1.478968620300293,3.051983118057251
1013,1.0213329792022705,2.235138177871704
1014,1.3355625867843628,0.9223238229751587
1015,3.2963881492614746,-1.906485915184021
1016,3.2561957836151123,-1.8528308868408203
1017,2.4935755729675293,-1.2546494007110596
1018,0.8955772519111633,0.2037457674741745
1019,1.663175344467163,3.401498317718506
1020,1.6647212505340576,3.326241970062256
1021,1.2875159978866577,0.9842387437820435
1022,2.736429452896118,-1.2048341035842896
1023,2.657712936401367,-1.1735285520553589
1024,2.563943862915039,-1.0754921436309814
1025,1.2734463214874268,0.30726298689842224
1026,1.1081914901733398,0.2859422266483307
1027,1.1145915985107422,0.2714199423789978
1028,1.1390889883041382,0.20836253464221954
1029,1.0999276638031006,0.2656587064266205
1030,0.8971474766731262,0.35005396604537964
1031,1.7040693759918213,3.259218692779541
1032,1.8117954730987549,3.472813606262207
1033,1.7668110132217407,3.5291082859039307
1034,1.1995329856872559,0.7775151133537292
1035,2.6949830055236816,-1.2300351858139038
1036,2.6989200115203857,-1.2461482286453247
1037,2.7769081592559814,-1.29434072971344
1038,2.7222251892089844,-1.2502821683883667
1039,1.81686532497406,-0.3382571339607239
1040,1.6779258251190186,0.10367996990680695
1041,1.6434646844863892,0.13902978599071503
1042,1.6749433279037476,0.08291074633598328
1043,1.6096255779266357,0.15848495066165924
1044,1.4048811197280884,0.607717752456665
1045,1.4278013706207275,0.526319682598114
1046,1.4064300060272217,0.40308958292007446
1047,1.725577712059021,-0.08332602679729462
1048,1.7026416063308716,-0.04937264695763588
1049,1.616863489151001,0.17749638855457306
1050,1.570546269416809,0.26798465847969055
1051,1.5642328262329102,0.27300769090652466
1052,1.5774223804473877,0.26176920533180237
1053,1.6076945066452026,-0.3092726171016693
1054,1.4097639322280884,0.8668334484100342
1055,1.5040247440338135,0.2540876567363739
1056,1.501309871673584,0.2425723373889923
1057,1.7208588123321533,-0.2185629904270172
1058,1.8726966381072998,-0.5701884031295776
1059,1.7545874118804932,-0.49931466579437256
1060,1.9162777662277222,-0.6138508915901184
1061,1.8286232948303223,-0.5360016822814941
1062,1.503749966621399,0.02729211561381817
1063,1.4703809022903442,0.06817737221717834
1064,1.446094036102295,0.06385394185781479
1065,1.5659297704696655,-0.10373170673847198
1066,1.5063416957855225,0.14543543756008148
1067,1.5032697916030884,0.13397428393363953
1068,1.4907078742980957,-0.15090373158454895
1069,1.4892157316207886,-0.14602002501487732
1070,1.0850859880447388,0.2553792893886566
1071,1.1080191135406494,0.24876298010349274
1072,1.1343467235565186,0.18942704796791077
1073,1.0522756576538086,0.2937271296977997
1074,1.5589265823364258,0.05484377592802048
1075,1.5980976819992065,0.2412787228822708
1076,1.5919543504714966,0.24302154779434204
1077,1.5735703706741333,0.27579715847969055
1078,1.406812310218811,1.3348755836486816
1079,1.516740083694458,2.1182186603546143
1080,1.4551030397415161,1.9090240001678467
1081,1.533073902130127,2.100788116455078
1082,1.3291261196136475,0.8781239986419678
1083,1.435720682144165,0.41038358211517334
1084,1.401010274887085,0.44682395458221436
1085,1.280425786972046,0.30298933386802673
1086,1.3721108436584473,0.9491788744926453
1087,1.3390201330184937,1.4132084846496582
1088,1.3451391458511353,1.4337952136993408
1089,1.4080748558044434,2.01670241355896
1090,1.3822652101516724,1.1893519163131714
1091,1.3736902475357056,1.1623644828796387
1092,1.366271734237671,1.164622187614441
1093,1.396622896194458,2.297128200531006
1094,1.745667576789856,3.230288028717041
1095,1.72404146194458,3.1457245349884033
1096,1.7006901502609253,3.0099639892578125
1097,1.4640802145004272,0.45453569293022156
1098,1.555016040802002,0.3331358730792999
1099,1.5520888566970825,0.3724059760570526
1100,1.4737989902496338,0.4560239911079407
1101,1.3847832679748535,0.264544814825058
1102,1.433874249458313,0.21906951069831848
1103,1.4636383056640625,0.12021972984075546
1104,1.568318486213684,-0.14368121325969696
1105,2.3990890979766846,-1.2499836683273315
1106,2.7873356342315674,-1.6124491691589355
1107,2.8710246086120605,-1.666214108467102
1108,2.9755303859710693,-1.7627990245819092
1109,2.354877471923828,-1.2899625301361084
1110,2.642735004425049,-1.4342893362045288
1111,3.146733522415161,-1.6780747175216675
1112,3.449970006942749,-1.8988100290298462
1113,3.247666358947754,-1.7427263259887695
1114,1.0433893203735352,0.6558289527893066
1115,2.191624879837036,4.220339775085449
1116,2.15993332862854,4.162380218505859
1117,2.228802442550659,4.344554424285889
1118,1.8014909029006958,3.5340723991394043
1119,1.3448539972305298,2.1343374252319336
1120,1.744868516921997,3.172833204269409
1121,1.8857829570770264,3.403707265853882
1122,1.6699029207229614,2.875887393951416
1123,1.3576558828353882,1.3096590042114258
1124,1.3925713300704956,0.628324568271637
1125,1.311984658241272,0.2879277169704437
1126,3.2533233165740967,-2.0233235359191895
1127,4.124539375305176,-2.562286615371704
1128,4.554251670837402,-2.842482566833496
1129,3.9146556854248047,-2.3818345069885254
1130,3.952209949493408,-2.451355457305908
1131,4.885286808013916,-3.086609363555908
1132,5.1038618087768555,-3.1955153942108154
1133,5.138992786407471,-3.2171390056610107
1134,3.964879274368286,-2.4281094074249268
1135,1.3440027236938477,0.4410724639892578
1136,1.44790780544281,2.2038094997406006
1137,2.4605190753936768,4.534843444824219
1138,2.512484073638916,4.6252121925354
1139,2.4444265365600586,4.418091773986816
1140,1.3950504064559937,2.561474323272705
1141,2.432074546813965,4.779844284057617
1142,2.5071022510528564,4.900435924530029
1143,2.8369529247283936,5.511375427246094
1144,2.904749631881714,5.385707855224609
1145,3.0722711086273193,5.704339504241943
1146,2.778329849243164,5.205132484436035
1147,2.9050447940826416,5.42793607711792
1148,1.8700315952301025,3.194045305252075
1149,3.4254252910614014,-1.9989676475524902
1150,3.221327543258667,-2.0655481815338135
1151,1.4559121131896973,0.29915863275527954
1152,1.5358848571777344,0.10570838302373886
1153,1.4944404363632202,0.015988972038030624
1154,1.5158778429031372,0.021316122263669968
1155,1.907745599746704,-0.7754354476928711
1156,1.9110383987426758,-0.784494161605835
1157,1.8523164987564087,-0.6915788650512695
1158,1.345206379890442,0.937059223651886
1159,1.3681124448776245,1.4608749151229858
1160,1.3189040422439575,1.3306217193603516
1161,1.4023762941360474,2.2545838356018066
1162,1.9565191268920898,3.8220880031585693
